<?xml version="1.0" encoding="UTF-8"?>
<goibibo>
<path>
    <roundtrip>//*[@id='gi_roundtrip_label']</roundtrip>
    <from>//*[@id="gosuggest_inputSrc"]</from>
    <to>//*[@id="gosuggest_inputDest"]</to>
    <openCalendar>(//div[@class="col-md-6 col-sm-6 col-xs-6"])[1]</openCalendar>
    <dateSelector>//*[@id="fare_20181219"]</dateSelector>
    <openreturnCalendar>(//div[@class="col-md-6 col-sm-6 col-xs-6"])[2]</openreturnCalendar>
    <selectReturnDate>//*[@id="fare_20181228"]</selectReturnDate>
    <Traveller>//*[@id="pax_link_common"]</Traveller>
    
    <Aplus>//*[@id="adultPaxPlus"]</Aplus>
    <Cplus>//*[@id="childPaxPlus"]</Cplus>
    <Class>//*[@id="gi_class"]</Class>
    <studentFare>//*[@id="student_fare_check"]</studentFare>
    <pricechange>//*[@id="registerFareAlert"]</pricechange>
    <setgo>//*[@id="gi_search_btn"]</setgo>
    <ticket1>//*[@id="onwFltContainer"]/div[6]/div[2]/div[3]/div[2]/label/div</ticket1>
    <ticket2>//*[@id="retFltContainer"]/div[5]/div[2]/div[3]/div[2]/label/div</ticket2>
    <Tbook>//*[@id="fltTcktVoucher"]/div[3]/div/div[2]/input</Tbook>
    <Obook>//*[@id="content"]/div/div[2]/div/div[4]/div/div[10]/div[2]/div[2]/div/div/span[1]/span/input</Obook>
</path>
<data>
<from>PUN</from>
<to>DEL</to>
</data>
</goibibo>
